{"color":{"r":0.5450980392156862,"b":0.1647058823529412,"g":0.3411764705882353,"a":0.47},"name":"Color name","category":"Document Colors","index":13}