{"color":{"r":0.8470588235294118,"b":0.8470588235294118,"g":0.8470588235294118,"a":1},"name":"Color name","category":"Document Colors","index":14}