{"color":{"r":0.196078431372549,"b":0.203921568627451,"g":0.1764705882352941,"a":0.64},"name":"Color name","category":"Document Colors","index":15}