{"color":{"r":0.2941176470588235,"b":0.2509803921568627,"g":0.2705882352941176,"a":1},"name":"Color name","category":"Document Colors","index":12}