{"color":{"r":0.996078431372549,"b":0.1411764705882353,"g":0.2196078431372548,"a":1},"index":6,"category":"Colors"}