{"color":{"r":0.996078431372549,"b":0.1882352941176471,"g":0.2313725490196079,"a":1},"name":"Red","category":"iOS Color","index":0}