{"color":{"r":0.8470588235294118,"b":0.8470588235294118,"g":0.8470588235294118,"a":0.26},"name":"Color name","category":"Document Colors","index":11}