{"color":{"r":0.6078431372549019,"b":0.6078431372549019,"g":0.6078431372549019,"a":1},"name":"Color name","category":"Document Colors","index":5}