{"color":{"r":0.7803921569,"b":0.8039215686,"g":0.7803921569,"a":1},"name":"Placeholder Text","category":"Text Color","index":3}