{"color":{"r":0.1882352941176471,"b":0.1882352941176471,"g":0.1882352941176471,"a":1},"name":"Color name","category":"Document Colors","index":6}