{"color":{"r":0.2588235294117647,"b":0.3921568627450979,"g":0.8509803921568627,"a":1},"name":"Green","category":"iOS Color","index":3}