{"color":{"r":0.2666666666666667,"b":0.3686274509803922,"g":0.8588235294117647,"a":1},"index":0,"category":"Colors"}