{"color":{"r":0.996078431372549,"b":0.3176470588235296,"g":0.1568627450980392,"a":1},"index":4,"category":"Colors"}