{"color":{"r":0.6431372549019608,"b":0.7019607843137254,"g":0.6666666666666666,"a":1},"name":"Grey","category":"Text Color","index":2}