{"color":{"r":0.2901960784313725,"b":0.2901960784313725,"g":0.2901960784313725,"a":1},"name":"Color name","category":"Document Colors","index":4}