{"color":{"r":0.01176470588235294,"b":0.01176470588235294,"g":0.01176470588235294,"a":1},"name":"Color name","category":"Document Colors","index":8}