{"color":{"r":0.9882352941176471,"b":0,"g":0.615686274509804,"a":1},"name":"Primary Color","category":"Document Colors","index":3}