{"color":{"r":0.01176470588235294,"b":0.01176470588235294,"g":0.01176470588235294,"a":1},"index":9,"category":"Colors"}