{"color":{"r":0.8,"b":0.9098039215686274,"g":0.7372549019607844,"a":1},"name":"Supperting Color","category":"Document Colors","index":10}