{"color":{"r":0.592156862745098,"b":0.592156862745098,"g":0.592156862745098,"a":1},"name":"Color name","category":"Document Colors","index":9}