{"color":{"r":0.3294117647058823,"b":0.9882352941176471,"g":0.780392156862745,"a":1},"name":"Teal Blue","category":"iOS Color","index":4}