{"color":{"r":0.9450980392156862,"b":0.7647058823529411,"g":0.8666666666666667,"a":1},"name":"Color name","category":"Document Colors","index":1}