{"color":{"r":0.5607843137254902,"b":0.5803921568627451,"g":0.5568627450980392,"a":1},"index":10,"category":"Colors"}